                  epoch,         train/box_loss,         train/cls_loss,         train/dfl_loss,   metrics/precision(B),      metrics/recall(B),       metrics/mAP50(B),    metrics/mAP50-95(B),           val/box_loss,           val/cls_loss,           val/dfl_loss,                 lr/pg0,                 lr/pg1,                 lr/pg2
                      1,                 1.7704,                 1.4503,                 1.4319,                0.64146,                0.64088,                0.62594,                0.18471,                 2.3915,                 1.4678,                 1.9105,             0.00066429,             0.00066429,             0.00066429
                      2,                  1.582,                0.95655,                 1.3314,                0.60068,                0.54478,                0.46367,                0.13384,                 2.6757,                 1.7676,                 2.2651,              0.0012651,              0.0012651,              0.0012651
                      3,                 1.5505,                0.92493,                 1.3149,                0.67049,                0.70149,                0.72984,                0.24308,                 2.1366,                 1.4765,                 1.6911,              0.0017999,              0.0017999,              0.0017999
                      4,                 1.4701,                0.85304,                 1.2747,                0.70662,                0.41791,                0.51768,                0.18127,                 2.7099,                 1.5783,                  2.116,               0.001703,               0.001703,               0.001703
                      5,                 1.3802,                0.76646,                 1.2214,                0.59088,                0.58201,                0.56325,                0.22135,                 2.1824,                  1.689,                 1.7363,               0.001604,               0.001604,               0.001604
